,Country,Abbr,Internet_Use_Perc_2011,Internet_Use_Perc_2012,Internet_Use_Perc_2013,Internet_Use_Perc_2014,Internet_Use_Perc_2015,Internet_Use_Perc_2016,Internet_Use_Perc_2017,Internet_Use_Perc_2018,Internet_Use_Perc_2019,IncomeGroup,population_2011,population_2012,population_2013,population_2014,population_2015,population_2016,population_2017,population_2018,population_2019,GDP_2011,GDP_2012,GDP_2013,GDP_2014,GDP_2015,GDP_2016,GDP_2017,GDP_2018,GDP_2019
1,Albania,ALB,47,49.4,51.8,54.3,56.9,59.6,62.4,65.4,68.55039112,Upper middle income,2905195.0,2900401.0,2895092.0,2889104.0,2880703.0,2876101.0,2873457.0,2866376.0,2854191.0,2.545406145,1.4172428,1.00201754,1.774448855,2.218726372,3.314980684,3.8022274,4.019359686,2.113419982
2,Algeria,DZA,14.9,18.2,22.5,29.5,38.2,42.94552688,47.69105515,49.03846808,57.5,Lower middle income,36661438.0,37383899.0,38140135.0,38923688.0,39728020.0,40551398.0,41389174.0,42228415.0,43053054.0,2.9,3.4,2.8,3.8,3.7,3.2,1.3,1.1,1.0
5,Angola,AGO,3.1,6.5,8.9,21.4,29,29,32,35,36,Lower middle income,24220660.0,25107925.0,26015786.0,26941773.0,27884380.0,28842482.0,29816769.0,30809787.0,31825299.0,3.471976345,8.542187643,4.954544646,4.822627568,0.943571561,-2.580049644,-0.147212941,-2.003629727,-0.624644318
8,Armenia,ARM,32,37.5,41.9,54.62280586,59.10083377,64.34602977,64.74488433,68.24505226,66.54394969,Upper middle income,2876536.0,2884239.0,2897593.0,2912403.0,2925559.0,2936147.0,2944789.0,2951741.0,2957728.0,4.699999999,7.200000001,3.3,3.600000001,3.199999999,0.2,7.500000002,5.2,7.599999999
11,Austria,AUT,78.7399931,80.02999392,80.6188,80.99582496,83.94014193,84.32374257,87.93558659,87.47913723,87.75220479,High income,8391643.0,8429991.0,8479823.0,8546356.0,8642699.0,8736668.0,8797566.0,8840521.0,8879920.0,2.922797284,0.680445577,0.025504712,0.661272849,1.014501586,1.989437162,2.258572433,2.501595119,1.49121085
12,Azerbaijan,AZE,50,54.2,73.00000137,75.00001564,77,78.2,79,79.79999549,81.09999907,Upper middle income,9173082.0,9295784.0,9416801.0,9535079.0,9649341.0,9757812.0,9854033.0,9939771.0,10024283.0,0.1,2.16523943,5.809800945,2.75050703,1.093975846,-3.1,0.2,1.5,2.5
14,Bahrain,BHR,76.9999665,88,90.0000397,90.50313348,93.4783008,97.9999807,95.87813575,98.64467258,99.70149256,High income,1278153.0,1299942.0,1315029.0,1336073.0,1371853.0,1425793.0,1494077.0,1569440.0,1641164.0,1.983515012,3.72810843,5.41683981,4.350390853,2.485378558,3.558128119,4.290949778,2.136701347,2.141376784
15,Bangladesh,BGD,4.5,5,6.63,7.4,8.3,9.2,10.3,11.5,12.9,Lower middle income,149273134.0,151005733.0,152761413.0,154517385.0,156256287.0,157977151.0,159685421.0,161376713.0,163046173.0,6.464379123,6.521458781,6.013605658,6.061059359,6.552639879,7.113478213,7.284174423,7.86375358,8.152684149
17,Belarus,BLR,39.64889566,46.91,54.17,59.02,62.23036091,71.11304576,74.43644541,79.12988669,82.78915209,Upper middle income,9461643.0,9446836.0,9443211.0,9448515.0,9461076.0,9469379.0,9458989.0,9438785.0,9419758.0,5.37870745,1.687135536,1.003470841,1.726384854,-3.829570558,-2.526446436,2.5321835,3.149197594,1.4
18,Belgium,BEL,81.609996,80.71999055,82.1702,85,85.05294175,86.51647666,87.67968082,88.647343,90.27542981,High income,11038264.0,11106932.0,11159407.0,11209057.0,11274196.0,11331422.0,11375158.0,11427054.0,11488980.0,1.694513899,0.739217283,0.459242193,1.578533143,2.041459009,1.266686409,1.619580278,1.819203664,2.149559681
20,Benin,BEN,4.148323066,4.5,4.9,6,11.25498791,11.99,13.3,26,29,Lower middle income,9460829.0,9729254.0,10004594.0,10286839.0,10575962.0,10872072.0,11175192.0,11485035.0,11801151.0,2.963752919,4.811223316,7.191433721,6.357679098,1.77815106,3.339673426,5.671555469,6.697259461,6.865687336
23,Bolivia,BOL,30,35.34,36.99,34.6,37.49,39.6975146,43.83227607,44.2861422,47.47481911,Lower middle income,10212951.0,10377677.0,10542375.0,10706517.0,10869732.0,11031822.0,11192853.0,11353140.0,11513102.0,5.204092308,5.122275767,6.796011241,5.460569676,4.857187232,4.263920838,4.195206301,4.223623511,2.216705778
24,Bosnia and Herzegovina,BIH,43.88768653,45.06450043,48.52131417,49.91773243,52.6,60.25653543,64.89202051,70.12013504,69.94634763,Upper middle income,3661173.0,3604972.0,3542598.0,3482106.0,3429362.0,3386263.0,3351534.0,3323929.0,3300998.0,0.959511247,-0.821836474,2.349856663,1.153851092,3.089164152,3.149806916,3.171434875,3.740071092,2.831002603
25,Botswana,BWA,9,16,30,36.74474744,37.31205037,39.36299738,41.41379464,58,61,Upper middle income,2015406.0,2039551.0,2062551.0,2088619.0,2120716.0,2159925.0,2205076.0,2254067.0,2303703.0,6.048361455,4.456144471,11.34339697,4.149262255,-5.717682557,7.036896951,4.00344974,3.98039539,2.992737635
26,Brazil,BRA,45.69,48.56,51.04,54.55100188,58.32795173,60.87254007,67.47128452,70.43428254,73.91244005,Upper middle income,197514541.0,199287292.0,201035904.0,202763744.0,204471759.0,206163056.0,207833825.0,209469320.0,211049519.0,3.974423079,1.921175985,3.00482267,0.50395574,-3.545763393,-3.275916906,1.322869054,1.783666761,1.411152985
28,Brunei Darussalam,BRN,56,60.27306504,64.5,68.77,71.2,90,94.86669164,95,95,High income,393687.0,398997.0,404414.0,409778.0,414914.0,419791.0,424481.0,428960.0,433296.0,3.745318352,0.912841671,-2.126028517,-2.508352566,-0.39238375,-2.477917718,1.328602552,0.052237791,3.869109865
29,Bulgaria,BGR,47.97999305,51.89998767,53.0615,55.49,56.65625161,59.82554766,63.41010138,64.78201069,67.94698094,Upper middle income,7348328.0,7305888.0,7265115.0,7223938.0,7177991.0,7127822.0,7075947.0,7025037.0,6975761.0,2.10120575,0.754930386,-0.560493966,0.966869032,3.428054914,3.039825276,2.76217096,2.684576131,4.037592082
30,Burkina Faso,BFA,3,3.725034916,5,6,7,9,12,14,18,Low income,16081915.0,16571252.0,17072791.0,17586029.0,18110616.0,18646350.0,19193236.0,19751466.0,20321383.0,6.622562613,6.45267238,5.792584845,4.326845615,3.921228794,5.957976708,6.203489411,6.604569068,5.688115149
31,Burundi,BDI,1.11,1.219999945,1.264218111,1.4,2.1,2.4,2.660748535,5,5.2,Low income,8958406.0,9245992.0,9540302.0,9844301.0,10160034.0,10488002.0,10827010.0,11175379.0,11530577.0,4.032602496,4.446708222,4.924195261,4.240651644,-3.900003086,-0.600020001,0.500009999,1.609933082,1.842476677
32,Cabo Verde,CPV,32,34.74,37.5,40.26,42.68301416,50.32281787,57.16214635,59.5,61.94339776,Lower middle income,498858.0,505241.0,511740.0,518276.0,524740.0,531140.0,537499.0,543764.0,549936.0,3.968886345,1.081918279,0.802797601,0.611212666,1.006863707,4.705791509,3.702039188,4.531161684,5.66775246
33,Cambodia,KHM,3.1,4.94,6,14,18,32.39845171,32.90027854,65.00000218,78.27288351,Lower middle income,14541421.0,14780454.0,15026330.0,15274506.0,15521435.0,15766290.0,16009413.0,16249795.0,16486542.0,7.069569946,7.313345505,7.356665149,7.142571101,6.965797815,6.933313973,6.996903699,7.469169207,7.054106932
34,Cameroon,CMR,5,7.5,10,16.21487223,18.3,20.6,23.20297197,29.7,33.5,Lower middle income,20906392.0,21485267.0,22077300.0,22681853.0,23298376.0,23926549.0,24566070.0,25216261.0,25876387.0,3.379211288,4.625978719,4.995529159,5.719818144,5.666952991,4.535794236,3.541176549,3.95551424,3.475059979
35,Canada,CAN,83,83,85.8,87.12,90,91.16,92.70137191,94.64,96.5,High income,34339328.0,34714222.0,35082954.0,35437435.0,35702908.0,36109487.0,36545295.0,37065178.0,37593384.0,3.146881372,1.762222549,2.329122506,2.870036075,0.659176864,1.001394414,3.039880225,2.777040554,1.879592028
38,Chad,TCD,1.9,2.1,2.5,2.9,3.5,5,6.49999812,8,9.8,Low income,12360986.0,12784748.0,13220433.0,13663562.0,14110971.0,14561658.0,15016761.0,15477727.0,15946882.0,0.082869798,8.882576072,5.700001363,6.899985045,2.767675685,-6.255527085,-2.988695986,2.3740378,3.247181917
41,China,CHN,38.3,42.30011749,45.8,47.9,50.3,53.2,54.3,59.2,64.56912253,Upper middle income,1345035000.0,1354190000.0,1363240000.0,1371860000.0,1379860000.0,1387790000.0,1396215000.0,1402760000.0,1407745000.0,9.550832179,7.863736449,7.766150098,7.425763656,7.041328879,6.848762205,6.947200793,6.749773832,5.949714233
42,Colombia,COL,40.35091575,48.98,51.7,52.57,55.90497251,58.13649357,62.25988032,64.12637682,65.00690072,Upper middle income,45662747.0,46075721.0,46495492.0,46967706.0,47520667.0,48175048.0,48909844.0,49661056.0,50339443.0,6.947891982,3.912635767,5.13399352,4.499030001,2.955901375,2.087382502,1.359360868,2.564324283,3.281116805
44,"Congo, Dem. Rep.",COD,1.2,1.679961015,2.2,3,3.799999507,6.20997406,8.619904916,11.7,12.5,Low income,66755151.0,69020749.0,71358804.0,73767445.0,76244532.0,78789130.0,81398765.0,84068092.0,86790568.0,6.87467089,7.086898947,8.481956636,9.470288097,6.91616712,2.399398914,3.726947653,5.8211211,4.384528881
46,Costa Rica,CRI,39.212196,47.5,45.96,53,59.76295014,65.88044919,71.58166462,73.47972844,81.20259644,Upper middle income,4633086.0,4688003.0,4742111.0,4795390.0,4847805.0,4899336.0,4949955.0,4999443.0,5047561.0,4.40315924,4.882592369,2.494766108,3.542109878,3.652080968,4.204323252,4.157698963,2.615904404,2.256315079
48,Croatia,HRV,57.78997899,61.93997315,66.7476,68.57,69.84503592,72.69726967,67.09619204,75.29462599,79.07978368,High income,4280622.0,4267558.0,4255689.0,4238389.0,4203604.0,4174349.0,4124531.0,4087843.0,4065253.0,-0.085243549,-2.275706646,-0.363117372,-0.345947048,2.52568842,3.532432232,3.41409226,2.900009599,3.481945603
49,Cuba,CUB,16.0172908,21.2,27.93,29.07018437,37.30509742,42.97867519,57.14840432,62.67892362,67.97080866,Upper middle income,11236671.0,11257112.0,11282722.0,11306909.0,11324777.0,11335108.0,11339255.0,11338146.0,11333484.0,2.802300836,3.014900289,2.747602563,1.047576632,4.438141959,0.513761468,1.809054399,2.248480393,-0.164839982
51,Cyprus,CYP,56.85989235,60.6898684,65.4548,69.33,71.71574092,75.9002054,80.74318897,84.43358252,86.06362996,High income,1124837.0,1135046.0,1143866.0,1152297.0,1160987.0,1170189.0,1179685.0,1189262.0,1198574.0,0.401437941,-3.446822086,-6.553078255,-1.829309109,3.383079712,6.454554466,5.852540355,5.692841724,5.283187396
52,Czech Republic,CZE,70.49,73.43000782,74.1104,74.23171164,75.6688387,76.4811987,78.71917285,80.68816754,80.86694441,High income,10496088.0,10510785.0,10514272.0,10525347.0,10546059.0,10566332.0,10594438.0,10629928.0,10671870.0,1.760359624,-0.785004299,-0.045903674,2.262102897,5.388380838,2.53728452,5.168724304,3.198656101,3.029478257
53,Denmark,DNK,89.81001339,92.26001172,94.6297,95.99,96.33050162,96.96778525,97.09936216,97.31920437,98.04643475,High income,5570572.0,5591572.0,5614932.0,5643475.0,5683483.0,5728010.0,5764980.0,5793636.0,5814422.0,1.336777767,0.226499792,0.933340972,1.619393811,2.342591108,3.245956985,2.821736341,1.989537315,2.114664208
56,Dominican Republic,DOM,38,42.32,45.9,49.58,54.21576634,63.87086474,67.57124533,74.82204836,75.8,Upper middle income,9813219.0,9930916.0,10048226.0,10165182.0,10281675.0,10397738.0,10513111.0,10627147.0,10738957.0,3.133423003,2.717367897,4.875205093,7.05046369,6.927018772,6.659200263,4.666704677,6.982527585,5.05216802
58,"Egypt, Arab Rep.",EGY,25.6,26.4,29.4,33.89460391,37.81938343,41.24806709,44.95020425,46.92433677,57.2828664,Lower middle income,84529251.0,86422240.0,88404652.0,90424668.0,92442549.0,94447071.0,96442590.0,98423602.0,100388076.0,1.764571949,2.226199797,2.185466055,2.915911879,4.372019079,4.346643453,4.181221001,5.314121037,5.557683888
59,El Salvador,SLV,18.9,20.32138772,23.1093,24.76171215,26.80260496,28.99707305,33.8207289,43.8,50.49119319,Lower middle income,6210567.0,6237922.0,6266076.0,6295124.0,6325121.0,6356137.0,6388124.0,6420740.0,6453550.0,3.817056396,2.815501822,2.232142857,1.710709945,2.398973133,2.545926086,2.246670039,2.432287587,2.382581398
62,Estonia,EST,76.5,78.38992593,80.0043,84.24152803,88.4097035,87.24023275,88.10245687,89.35700777,90.2289282,High income,1327439.0,1322696.0,1317997.0,1314545.0,1315407.0,1315790.0,1317384.0,1321977.0,1326898.0,7.263084581,3.228200494,1.458428636,3.011366587,1.853020046,3.155564814,5.792044675,4.133819798,4.096342644
64,Ethiopia,ETH,1.1,2.9,4.6,7.7,13.85517556,15.36692386,18.61805145,22,25,Low income,90139928.0,92726982.0,95385793.0,98094264.0,100835453.0,103603461.0,106399926.0,109224410.0,112078727.0,11.17829623,8.647811633,10.58227005,10.25749296,10.39246302,9.433482658,9.564189643,6.816147797,8.364085699
67,Finland,FIN,88.70999491,89.87999797,91.5144,86.53039275,86.42213333,87.70364996,87.46892907,88.88996,89.60738511,High income,5388272.0,5413971.0,5438972.0,5461512.0,5479531.0,5495303.0,5508214.0,5515525.0,5521606.0,2.547664838,-1.397545728,-0.901696316,-0.364908157,0.543659212,2.811457767,3.19240963,1.141947509,1.220754143
68,France,FRA,77.81999899,81.44,81.9198,83.75,78.00603771,79.26981132,80.50245972,82.04318678,83.33974409,High income,65342789.0,65659814.0,65998685.0,66312067.0,66548272.0,66724104.0,66918020.0,67101930.0,67248926.0,2.192700633,0.313134751,0.576326675,0.956183052,1.112912341,1.095464404,2.291419994,1.865066071,1.842971814
70,Gabon,GAB,18,24,30.53803344,38.07120929,45.78453653,48.05227375,50.32012015,59.6,61,Upper middle income,1684629.0,1749677.0,1817070.0,1883801.0,1947690.0,2007882.0,2064812.0,2119275.0,2172578.0,7.091753343,5.251076918,5.638699003,4.314964441,3.878899395,2.091442208,0.472642031,0.837916581,3.920808795
71,"Gambia, The",GMB,10.8703,12.44922872,14,15.56,19.7,25,32,40,51,Low income,1848142.0,1905020.0,1963708.0,2024037.0,2085860.0,2149134.0,2213900.0,2280092.0,2347696.0,-8.130444223,5.241569246,2.87276879,-1.407382495,4.058073804,1.943359655,4.822611249,7.234890333,6.15363195
72,Georgia,GEO,31.52,36.94,43.3,44,47.56975964,58.45928961,59.7055046,62.7179082,68.84670565,Upper middle income,3756441.0,3728874.0,3717668.0,3719414.0,3725276.0,3727505.0,3728004.0,3726549.0,3720161.0,7.399999867,6.369008306,3.621305352,4.431924823,3.02220738,2.90643878,4.842603225,4.842919885,4.982350475
73,Germany,DEU,81.26999954,82.34999847,84.17,86.19,87.58979935,84.16520664,84.3941537,87.03711209,88.13451691,High income,80274983.0,80425823.0,80645605.0,80982500.0,81686611.0,82348669.0,82657002.0,82905782.0,83092962.0,3.925192705,0.418497594,0.437591303,2.209543431,1.491931528,2.229999868,2.680231114,1.086024514,1.055508247
74,Ghana,GHA,9,10.6,15,19,23,28,37.88415262,43,53,Lower middle income,25387713.0,25996454.0,26607641.0,27224480.0,27849203.0,28481947.0,29121464.0,29767108.0,30417858.0,14.04712358,9.292789406,7.312525017,2.856240163,2.120759338,3.37346575,8.128894881,6.200077681,6.507774794
76,Greece,GRC,51.64999517,55.06999344,59.8663,63.21,66.83495949,69.08791547,69.89297065,72.23837339,75.67120669,High income,11104899.0,11045011.0,10965211.0,10892413.0,10820883.0,10775971.0,10754679.0,10732882.0,10721582.0,-10.14931483,-7.086696786,-2.515997222,0.475695947,-0.19608763,-0.487173294,1.09214912,1.668428636,1.803595256
81,Guinea,GIN,2,3.1,4.5,6.4,8.2,9.8,11.40002077,21.83002304,23,Low income,10420459.0,10652032.0,10892821.0,11150970.0,11432096.0,11738434.0,12067516.0,12414292.0,12771246.0,5.612108175,5.915288884,3.945683805,3.696541843,3.825921667,10.82062144,10.30000049,6.358491927,5.646175568
84,Haiti,HTI,9,9.8,10.6,11.4,12.1977,12.23260161,31,32.47362713,32.5,Lower middle income,10100320.0,10250922.0,10400672.0,10549007.0,10695540.0,10839976.0,10982367.0,11123183.0,11263079.0,5.098213544,0.502424404,4.324784115,1.722565602,2.562508835,1.812468078,2.510271345,1.667810955,-1.684595081
86,"Hong Kong SAR, China",HKG,72.2,72.9,74.2,79.86627043,84.94835296,87.47941467,89.41594465,90.50739533,91.74340039,High income,7071600.0,7150100.0,7178900.0,7229500.0,7291300.0,7336600.0,7391700.0,7451000.0,7507400.0,4.814682268,1.700325218,3.101546766,2.762376595,2.387802316,2.169494388,3.791005986,2.846447939,-1.67975617
87,Hungary,HUN,68.01998789,70.57999815,72.6439,75.65319745,72.83473703,79.25941213,76.75054712,76.07436064,80.37169361,High income,9971727.0,9920362.0,9893082.0,9866468.0,9843028.0,9814023.0,9787966.0,9775564.0,9771141.0,1.860155072,-1.257749507,1.806363928,4.223725539,3.703259936,2.191960369,4.268557419,5.359496489,4.554063072
88,Iceland,ISL,94.8196868,96.20979955,96.5468,98.16,98.2,98.2400163,98.25520119,99.01095399,99,High income,319014.0,320716.0,323764.0,327386.0,330815.0,335439.0,343400.0,352721.0,360563.0,1.845779156,1.063636607,4.55246032,1.687215018,4.436663719,6.303687107,4.194948829,4.892180731,2.434823
89,India,IND,10.07,11.1,12.3,13.5,14.9,16.5,18.2,20.08130004,41,Lower middle income,1250287939.0,1265780243.0,1280842119.0,1295600768.0,1310152392.0,1324517250.0,1338676779.0,1352642283.0,1366417756.0,5.241315001,5.456388753,6.386106401,7.410227605,7.996253786,8.256305502,6.795383419,6.532989011,4.041554187
90,Indonesia,IDN,12.28,14.52,14.94,17.14,22.0627426,25.4473537,32.33580625,39.90463864,47.69064898,Lower middle income,245115988.0,248451714.0,251805314.0,255128076.0,258383257.0,261556386.0,264650969.0,267670549.0,270625567.0,6.169784208,6.030050653,5.557263689,5.006668426,4.8763223,5.033069183,5.069785901,5.17429154,5.018159715
91,"Iran, Islamic Rep.",IRN,19,22.73,29.95,39.35,45.33497615,53.22677167,64.04397362,70.200565,77.77083846,Lower middle income,74634959.0,75539881.0,76481963.0,77465769.0,78492208.0,79563991.0,80673888.0,81800204.0,82913893.0,2.645717918,-7.44455703,-0.194073471,4.60341888,-1.32064512,13.39624262,3.755196452,-6.025971803,-6.78422367
93,Ireland,IRL,74.88997297,76.91999254,78.2477,83.49172234,83.49479167,83.5,84.11400706,87.00014011,87.00005524,High income,4580084.0,4599533.0,4623816.0,4657740.0,4701957.0,4755335.0,4807388.0,4867316.0,4934340.0,1.068526654,-0.052354785,1.267014661,8.713697808,25.17624519,2.042232527,8.940012772,9.0301611,4.917006978
95,Israel,ISR,68.87387799,70.8,70.25031195,75.01775316,77.35208966,79.65312418,81.58118359,83.73315696,86.78787762,High income,7765800.0,7910500.0,8059500.0,8215700.0,8380100.0,8546000.0,8713300.0,8882800.0,9054000.0,5.542590001,2.822996205,4.777202349,4.124746861,2.279679419,4.462753818,4.377044428,3.983424594,3.77358981
96,Italy,ITA,54.3899983,55.82999799,58.4593,55.63846022,58.14173496,61.32425277,63.077347,74.38718292,76.1,High income,59379449.0,59539717.0,60233948.0,60789140.0,60730582.0,60627498.0,60536709.0,60421760.0,59729081.0,0.707333347,-2.980905768,-1.841065451,-0.004547542,0.778304351,1.293462732,1.667859041,0.925810941,0.410278294
98,Japan,JPN,79.05411352,79.4964,88.21942891,89.10683302,91.05802839,93.18272128,91.72654724,91.28,92.73039781,High income,127833000.0,127629000.0,127445000.0,127276000.0,127141000.0,126994511.0,126785797.0,126529100.0,126264931.0,0.023809524,1.374750999,2.005100177,0.296205514,1.560626697,0.753826746,1.675331752,0.558851275,0.270304645
100,Kazakhstan,KAZ,50.6,61.90662747,63.30422443,66,70.8299336,74.58772647,76.42674823,78.90391906,81.87762047,Upper middle income,16557202.0,16792090.0,17035551.0,17288285.0,17542806.0,17794055.0,18037776.0,18276452.0,18513673.0,7.400000001,4.8,5.999999999,4.200000001,1.2,1.1,4.1,4.1,4.5
101,Kenya,KEN,8.8,10.5,13,16.5,16.58785485,16.6,17.82710021,19.5,22.56511937,Lower middle income,43178270.0,44343469.0,45519986.0,46700063.0,47878339.0,49051531.0,50221146.0,51392570.0,52573967.0,5.12110612,4.568679614,3.797848393,5.020111002,4.967721128,4.213517068,3.815506427,5.62910144,4.981132628
104,"Korea, Rep.",KOR,83.75912015,84.07,84.77,87.55682649,89.8962558,92.84302568,95.06942188,96.02285958,96.15757918,High income,49936638.0,50199853.0,50428893.0,50746659.0,51014947.0,51217803.0,51361911.0,51606633.0,51709098.0,3.685667782,2.402530992,3.164708636,3.202453795,2.809103268,2.946881715,3.15963574,2.907403774,2.24397786
106,Kuwait,KWT,65.76907069,70.45,75.46,78.7,78,78.36738376,97.99998933,99.59884959,99.54267645,High income,3168054.0,3348852.0,3526382.0,3690939.0,3835588.0,3956862.0,4056102.0,4137314.0,4207077.0,9.628406975,6.6258183,1.149300437,0.500876982,0.593019617,2.925868226,-4.712106209,1.246129408,0.42746394
109,Latvia,LVA,69.74995456,73.11994377,75.2344,75.83,79.20058292,79.84209778,80.114077,83.57717486,86.13545644,High income,2059709.0,2034319.0,2012647.0,1993782.0,1977527.0,1959537.0,1942248.0,1927174.0,1913822.0,2.564422968,7.037317185,2.010744815,1.900096243,3.885027277,2.367609543,3.31308889,3.989480387,2.484326355
111,Lesotho,LSO,7,10,15,22,25,32.45385695,39,40.8,42.30173357,Lower middle income,2003793.0,2014988.0,2028528.0,2043448.0,2059011.0,2075041.0,2091532.0,2108327.0,2125267.0,4.614252238,6.334821701,1.792531445,1.710544004,3.127557724,3.588364597,-3.141949946,-1.223137311,-0.381431982
112,Liberia,LBR,2.5,2.6,3.2,5.41,10,15.7,16.3,18.9,22,Low income,4017446.0,4135662.0,4248337.0,4359508.0,4472229.0,4586788.0,4702224.0,4818976.0,4937374.0,8.20076584,7.993815693,8.687287816,0.7013931,-0.01856497,-1.554958617,2.45515592,1.157575122,-2.467297635
115,Lithuania,LTU,63.6399774,67.22998933,68.4529,72.13,71.37805901,74.37664556,77.61525651,79.72258277,81.58186838,High income,3028115.0,2987773.0,2957689.0,2932367.0,2904910.0,2868231.0,2828403.0,2801543.0,2794137.0,6.03900816,3.843864749,3.550072843,3.537009879,2.024583955,2.518828273,4.282596951,3.993310328,4.573771737
116,Luxembourg,LUX,90.02985856,91.94992374,93.7765,94.67,96.37671417,98.13669867,97.36296032,97.06129871,97.12063569,High income,518347.0,530946.0,543360.0,556319.0,569604.0,582014.0,596336.0,607950.0,620001.0,1.044298695,1.64990203,3.171790499,2.623086016,2.269784484,4.978190437,1.317187663,2.00437712,3.283806756
117,"Macao SAR, China",MAC,60.20369672,61.31,65.8,69.78,77.60013186,81.64298546,83.17408907,83.79408961,86.46792571,High income,550833.0,564037.0,577368.0,590210.0,602093.0,612824.0,622578.0,631633.0,640446.0,21.61658789,9.242352874,10.75280699,-2.048310388,-21.51441131,-0.6789426,9.983192244,6.464613521,-2.511980044
119,Malawi,MWI,3.33,4.3506,5.05,5.83,7.6,8,13.78216439,13.9,15.5,Low income,14962118.0,15396010.0,15839287.0,16289550.0,16745305.0,17205253.0,17670193.0,18143215.0,18628749.0,4.854055111,1.885799507,5.199999997,5.700000004,2.8,2.484040625,4.000030517,4.391688296,5.448181336
120,Malaysia,MYS,61,65.8,57.05751226,63.66542588,71.06406781,78.78830993,80.14047901,81.20104862,84.18714501,Upper middle income,28650962.0,29068189.0,29468923.0,29866606.0,30270965.0,30684652.0,31104655.0,31528033.0,31949789.0,5.293912834,5.473454193,4.693722526,6.006721946,5.091532422,4.449781398,5.81272241,4.84305661,4.439471288
122,Mali,MLI,2.2,2.8,3.5,7,10.33,11.11218649,15.6,23,26,Low income,15514593.0,15979492.0,16449854.0,16934213.0,17438772.0,17965448.0,18512429.0,19077755.0,19658023.0,3.21313378,-0.836734632,2.29506829,7.084683881,6.171800024,5.852299199,5.305456084,4.746484327,4.756160808
123,Malta,MLT,68.01982379,68.19987429,68.9138,73.17,75.96001898,78.0751488,81.01191108,81.65804429,85.77856081,High income,416268.0,420028.0,425967.0,434558.0,445053.0,455356.0,467999.0,484630.0,504062.0,0.467050856,4.117707299,5.473355695,7.633538112,9.608132811,4.090917429,8.119425289,5.179224796,5.539566337
126,Mauritius,MUS,34.95,35.42,40.11682514,44.80327537,50.13931848,52.19132594,55.4032403,58.5961697,61.72995515,Upper middle income,1252404.0,1255882.0,1258653.0,1260934.0,1262605.0,1263473.0,1264613.0,1265303.0,1265711.0,4.077538076,3.49611836,3.360406098,3.744575777,3.553071704,3.837932654,3.814152108,3.759677227,3.012375903
127,Mexico,MEX,37.17629541,39.75,43.46,44.39,57.43104299,59.540446,63.85224909,65.77263448,70.06991047,Upper middle income,115695468.0,117274156.0,118827158.0,120355137.0,121858251.0,123333379.0,124777326.0,126190782.0,127575529.0,3.66300793,3.642322679,1.354091962,2.849773255,3.293151528,2.630532425,2.113129135,2.194994725,-0.176599456
131,Mongolia,MNG,12.49999111,16.4,17.69998424,19.94244743,22.50000413,22.2657705,23.71426517,47.13000188,51.07999408,Lower middle income,2770357.0,2824698.0,2881783.0,2940111.0,2998433.0,3056358.0,3113788.0,3170214.0,3225166.0,17.29077758,12.31981985,11.64891619,7.885225482,2.379835807,1.489784485,5.63687639,7.74488062,5.602244219
132,Montenegro,MNE,35.61154125,56.83878255,60.31,61,68.11978601,69.88164684,71.27233254,71.51710049,73.47666575,Upper middle income,620079.0,620601.0,621207.0,621810.0,622159.0,622303.0,622373.0,622227.0,622028.0,3.228451021,-2.723790771,3.548979912,1.783698581,3.390381397,2.949280321,4.716465276,5.077888811,4.062944992
133,Morocco,MAR,46.1074826,55.41605319,56,56.8,57.07999935,58.27123642,61.76221201,64.80386519,74.37631447,Lower middle income,32781860.0,33241898.0,33715705.0,34192358.0,34663608.0,35126274.0,35581257.0,36029089.0,36471766.0,5.245697297,3.009961262,4.5354242,2.669493927,4.536378168,1.05985639,4.254603273,3.148502656,2.607935495
134,Mozambique,MOZ,4.6,5,5.5,6,6.5,7,7.8,10.4,15.1,Low income,24187500.0,24862673.0,25560752.0,26286192.0,27042001.0,27829930.0,28649007.0,29496009.0,30366043.0,7.417384316,7.258439253,6.963607135,7.398512797,6.72327878,3.824214319,3.741317593,3.44381384,2.31460601
136,Namibia,NAM,12,12.9414,13.9,14.84,25.68785182,31.03334594,36.83740647,40,40.5,Upper middle income,2156698.0,2194777.0,2233506.0,2273426.0,2314901.0,2358044.0,2402623.0,2448300.0,2494524.0,5.091338139,5.06168207,5.614719623,6.09251916,4.264174538,0.03379445,-1.027250827,1.059943471,-0.88809916
139,Netherlands,NLD,91.41999576,92.85999236,93.9564,91.666666,91.72413793,90.4109589,93.19727891,91.89189189,93.2885906,High income,16693074.0,16754962.0,16804432.0,16865008.0,16939923.0,17030314.0,17131296.0,17231624.0,17344874.0,1.551189312,-1.030353991,-0.130175288,1.423395395,1.959169721,2.191713719,2.910902513,2.360915095,1.955588416
144,Nigeria,NGA,13.8,16.1,19.1,21,24.5,25.67,28,31.9,33.6,Lower middle income,162805080.0,167228803.0,171765819.0,176404931.0,181137454.0,185960244.0,190873247.0,195874685.0,200963603.0,5.307924204,4.230061175,6.671335393,6.309718656,2.652693295,-1.61686895,0.80588662,1.922757342,2.208429277
145,North Macedonia,MKD,56.7,57.44994731,65.24,68.06,70.38020308,72.15681447,74.51682418,79.16775519,81.41288276,Upper middle income,2058539.0,2061044.0,2064032.0,2067471.0,2070226.0,2072490.0,2074502.0,2076217.0,2076694.0,2.339886045,-0.456183224,2.925257665,3.629123513,3.85586514,2.848205194,1.081772738,2.88059671,3.910419538
147,Norway,NOR,93.48998265,94.64997805,95.0534,96.3,96.81032569,97.29820367,96.3576013,96.49165799,98.00000439,High income,4953088.0,5018573.0,5079623.0,5137232.0,5188607.0,5234519.0,5276968.0,5311916.0,5347896.0,0.981434479,2.703109471,1.034072914,1.969544301,1.967128438,1.071558977,2.323290208,1.118828479,0.745798219
148,Oman,OMN,48,60,66.45,70.22,73.53,76.84539047,80.18563573,85.5,90.3,High income,3251102.0,3498031.0,3764805.0,4027255.0,4267341.0,4479217.0,4665926.0,4829476.0,4974992.0,2.894609735,8.863122256,5.227704081,1.292252294,5.017057997,5.046423946,0.304057566,1.287103915,-1.129206457
149,Pakistan,PAK,8,8.1,9,10,11,12.38544676,13.78,15.34,17.07090203,Lower middle income,183340168.0,187280125.0,191260799.0,195305012.0,199426953.0,203631356.0,207906210.0,212228288.0,216565317.0,2.748405917,3.50703342,4.396456633,4.674707981,4.731147475,5.526735845,5.554277437,5.836417498,1.144749605
151,Panama,PAN,42.7,40.30189522,44.03,44.92,51.20542499,54,59.9506309,61.80553132,63.62841477,Upper middle income,3706479.0,3770635.0,3835447.0,3901311.0,3968490.0,4037073.0,4106764.0,4176868.0,4246440.0,11.31362625,9.778827513,6.903436769,5.06661313,5.73269026,4.953434937,5.591328274,3.685344349,2.979715461
153,Paraguay,PRY,24.76351588,29.34,36.9,43,49.71630466,53.40412748,61.07575622,64.99354302,68.51762842,Upper middle income,6333981.0,6421510.0,6510273.0,6599524.0,6688746.0,6777878.0,6867058.0,6956069.0,7044639.0,4.286371207,-0.708043112,8.293076489,5.301238592,2.957151735,4.268025833,4.810078856,3.204250341,-0.401855101
154,Peru,PER,36.01,38.2,39.2,40.2,40.85260091,45.46174069,50.45041218,55.05433424,59.95050106,Upper middle income,29264314.0,29506790.0,29773986.0,30090372.0,30470739.0,30926036.0,31444299.0,31989265.0,32510462.0,6.327192402,6.139724706,5.852518211,2.382157372,3.252244772,3.953318715,2.518835442,3.96915687,2.203974749
156,Poland,POL,61.94999897,62.30999727,62.8492,66.6,67.99698716,73.3007041,75.98536595,77.54173454,80.43590724,High income,38063255.0,38063164.0,38040196.0,38011735.0,37986412.0,37970087.0,37974826.0,37974750.0,37965475.0,4.757635638,1.324896305,1.125763386,3.378581715,4.23632685,3.141725778,4.830656005,5.353703355,4.744950156
157,Portugal,PRT,55.24999688,60.33999749,62.0956,64.59,68.63286148,70.42356709,73.79121395,74.66096815,75.34637155,High income,10557560.0,10514844.0,10457295.0,10401062.0,10358076.0,10325452.0,10300300.0,10283822.0,10286263.0,-1.696164781,-4.057293608,-0.922644675,0.792190302,1.792046046,2.019485396,3.506345285,2.849325934,2.682759921
159,Qatar,QAT,69,69.3,85.3,91.49,92.88482645,95.12466217,97.38884917,99.65284913,99.65280421,High income,2035862.0,2196078.0,2336579.0,2459202.0,2565708.0,2654379.0,2724727.0,2781682.0,2832071.0,13.37517641,4.730011844,5.556040643,5.334323292,4.753345724,3.064191884,-1.497604702,1.234872202,0.68824096
160,Romania,ROU,40.00999678,45.87999425,49.7645,54.08,55.76315563,59.50395129,63.74728218,70.68127793,73.65747575,Upper middle income,20147528.0,20058035.0,19983693.0,19908979.0,19815616.0,19702267.0,19588715.0,19473970.0,19371648.0,1.906067707,2.040665131,3.770962304,3.608723653,2.953674037,4.702997747,7.319448529,4.474523775,4.188260341
161,Russian Federation,RUS,49,63.8,67.97,70.52,70.09924123,73.09143462,76.00813853,80.86472187,82.64216156,Upper middle income,142960908.0,143201721.0,143506995.0,143819667.0,144096870.0,144342397.0,144496739.0,144477859.0,144406261.0,4.300029186,4.024086157,1.755422149,0.736267221,-1.972719226,0.193690072,1.825790064,2.80724541,2.032982739
162,Rwanda,RWA,7,8.023854277,9,10.6,18,20,21.76763262,25,26,Low income,10293333.0,10549668.0,10811538.0,11083629.0,11369066.0,11668829.0,11980960.0,12301969.0,12626938.0,7.958406046,8.641500169,4.719854196,6.167166701,8.856844355,5.970744298,3.976289694,8.579424541,9.460682482
166,Saudi Arabia,SAU,47.5,54,60.5,64.71365737,69.6162358,74.87927469,94.17559961,93.31000185,95.7247356,High income,28267591.0,29154906.0,30052058.0,30916603.0,31717676.0,32443443.0,33101183.0,33702757.0,34268529.0,9.996846554,5.411444902,2.699254723,3.652481698,4.10640887,1.670624758,-0.741502653,2.434110781,0.331435729
167,Senegal,SEN,9.8,10.8,13.1,17.7,21.7,25.66476804,29.64312367,35.3,39.5,Lower middle income,13033814.0,13401990.0,13782429.0,14174740.0,14578450.0,14993514.0,15419354.0,15854324.0,16296362.0,1.33409108,4.002995551,2.412385276,6.224074438,6.367043651,6.356068572,7.407486186,6.209241034,4.402406836
168,Serbia,SRB,42.2,48.1,53.45036418,62.07508046,65.3170254,67.05684137,70.33083553,73.36070915,77.41677362,Upper middle income,7234099.0,7199077.0,7164132.0,7130576.0,7095383.0,7058322.0,7020858.0,6982604.0,6945235.0,2.036276689,-0.681542369,2.892636734,-1.58951032,1.806059265,3.338586765,2.101163847,4.495121293,4.331734906
169,Seychelles,SYC,43.16400446,47.076,50.4,51.25470199,54.25961786,56.51470815,58.76981124,70.1,75,High income,87441.0,88303.0,89949.0,91359.0,93419.0,94677.0,95843.0,96762.0,97625.0,7.887279597,1.260828834,6.018076825,4.504785244,4.937385619,4.562623278,4.738360886,1.771183467,1.191005738
170,Sierra Leone,SLE,0.9,2.5,4,6.057298984,6.344421603,11.77318438,13.23693043,15.8,16.8,Low income,6563238.0,6712586.0,6863975.0,7017153.0,7171909.0,7328846.0,7488427.0,7650149.0,7813207.0,6.315045036,15.18176908,20.71576829,4.556772366,-20.59877072,6.055474029,4.192610074,3.46460214,5.254241203
171,Singapore,SGP,71,72,80.90205685,79.02923586,79.012957,84.45226789,84.45226789,88.16563603,88.94925269,High income,5183688.0,5312437.0,5399162.0,5469724.0,5535002.0,5607283.0,5612253.0,5638676.0,5703569.0,6.337870814,4.461608951,4.837298646,3.938002729,2.988520676,3.329034458,4.520379476,3.497469601,1.345217486
173,Slovak Republic,SVK,74.43999717,76.70999012,77.8826,79.98,77.63468203,80.47585728,81.62566752,80.44892248,82.8536605,High income,5398384.0,5407579.0,5413393.0,5418649.0,5423801.0,5430798.0,5439232.0,5446771.0,5454147.0,2.637398428,1.358226806,0.654765294,2.724373817,5.215649803,1.931680804,2.980187073,3.794410553,2.605369328
174,Slovenia,SVN,67.33999481,68.34997453,72.6756,71.59,73.09865997,75.49850426,78.88542636,79.7499766,83.1083578,High income,2052843.0,2057159.0,2059953.0,2061980.0,2063531.0,2065042.0,2066388.0,2073894.0,2088385.0,0.861327733,-2.639438757,-1.029282772,2.768158831,2.210081607,3.191852518,4.815380632,4.422521568,3.250531336
177,South Africa,ZAF,33.97,41,46.5,49,51.91911572,54,56.16739447,62.4,68.2,Upper middle income,52003759.0,52832659.0,53687125.0,54544184.0,55386369.0,56207649.0,57009751.0,57792520.0,58558267.0,3.168556279,2.396232385,2.485468008,1.413826452,1.321862237,0.664552308,1.157946952,1.487617373,0.113053697
179,Spain,ESP,67.08999939,69.80999994,71.635,76.19,78.68963187,80.56133294,84.6022457,86.10723553,90.71866533,High income,46742697.0,46773055.0,46620045.0,46480882.0,46444832.0,46484062.0,46593236.0,46797754.0,47133521.0,-0.814373455,-2.959441302,-1.435394259,1.383907943,3.83517266,3.03130133,2.973641191,2.288785676,2.085191421
187,Sweden,SWE,92.76998606,93.17998801,94.7836,92.52,90.61019664,89.65094761,93.00626697,89.24696316,94.49344341,High income,9449213.0,9519374.0,9600379.0,9696110.0,9799186.0,9923085.0,10057698.0,10175214.0,10278887.0,3.195333235,-0.588304569,1.187775716,2.657798275,4.489281588,2.070593151,2.567924525,1.950022846,1.986195874
188,Switzerland,CHE,85.19302818,85.2,86.34,87.4,87.4790556,89.13468774,89.68614767,91.8,93.14608695,High income,7912398.0,7996861.0,8089346.0,8188649.0,8282396.0,8373338.0,8451840.0,8514329.0,8575280.0,1.920445985,1.217193657,1.821667791,2.446845157,1.657768711,2.045186469,1.584819616,2.916905098,1.210992207
191,Tanzania,TZA,3.2,3.95,4.4,7,10,13.50423285,15.99999943,19,20,Lower middle income,45673520.0,47053033.0,48483132.0,49960563.0,51482638.0,53049231.0,54660345.0,56313444.0,58005461.0,7.672155435,4.50015356,6.781585601,6.732461868,6.160628774,6.867116196,6.785680114,5.444967601,5.799999977
192,Thailand,THA,23.66992562,26.46,28.94,34.89,39.31612674,47.50496562,52.89192934,56.81748093,66.65241946,Upper middle income,67518379.0,67835969.0,68144519.0,68438748.0,68714519.0,68971313.0,69209817.0,69428454.0,69625581.0,0.840132083,7.242796202,2.687495563,0.984468864,3.134047249,3.435157717,4.177681032,4.189585496,2.266433672
194,Togo,TGO,3.5,4,4.5,5.7,7.12,11.31,12.36022497,15.5,19.3,Low income,6595939.0,6773807.0,6954721.0,7137997.0,7323162.0,7509952.0,7698476.0,7889095.0,8082359.0,6.398199053,6.543507029,6.112343077,5.920588573,5.742868453,5.559079305,4.347748238,4.9762131,5.459921448
197,Tunisia,TUN,39.1,41.4416,43.8,46.16,46.49999434,49.59999484,55.50015506,64.19081023,66.6999983,Lower middle income,10741872.0,10846993.0,10952949.0,11063195.0,11179951.0,11303942.0,11433438.0,11565203.0,11694721.0,-1.664189085,3.913275869,2.14306442,2.706608566,1.000180784,1.117425857,2.244200968,2.510907072,1.401976676
198,Turkey,TUR,43.06571043,45.13,46.25,51.04,53.74497914,58.34773401,64.68461768,71.04276084,73.97670281,Upper middle income,73443254.0,74651046.0,75925454.0,77229262.0,78529413.0,79827868.0,81116451.0,82340090.0,83429607.0,11.20011058,4.788492711,8.485816997,4.939715161,6.084486904,3.323084208,7.501997489,2.979885235,0.889585161
203,Ukraine,UKR,28.70826284,35.27,40.954129,46.23597546,48.88464368,53.0009696,58.88947945,62.55315539,70.1248443,Lower middle income,45706086.0,45593342.0,45489648.0,45272155.0,45154036.0,45004673.0,44831135.0,44622518.0,44386203.0,5.445280813,0.152314965,0.045439094,-10.07889498,-9.772987211,2.440981945,2.359972281,3.488362342,3.199503862
204,United Arab Emirates,ARE,78,84.9999915,88,90.4,90.5,90.60000732,94.81992254,98.45000178,99.14999998,High income,8946778.0,9141598.0,9197908.0,9214182.0,9262896.0,9360975.0,9487206.0,9630966.0,9770526.0,6.928508599,4.483791985,5.053077855,4.41008526,5.060334864,2.984216091,2.373551057,1.189855642,3.411538686
205,United Kingdom,GBR,85.37999855,87.47999842,89.8441,91.61,92.00029987,94.77580063,90.42455049,90.69200899,92.51662855,High income,63258810.0,63700215.0,64128273.0,64602298.0,65116219.0,65611593.0,66058859.0,66460344.0,66836327.0,1.457563391,1.469887521,1.890018342,2.991164814,2.622596679,2.263463538,2.134453093,1.650925496,1.671944197
206,United States,USA,69.72946076,74.7,71.4,73,74.55420245,85.54442129,87.27488917,88.49890317,89.43028486,High income,311583481.0,313877662.0,316059947.0,318386329.0,320738994.0,323071755.0,325122128.0,326838199.0,328329953.0,1.550835505,2.249545852,1.842081071,2.525973446,3.07551465,1.711426774,2.332679395,2.996464352,2.161176515
207,Uruguay,URY,51.40466106,54.45376868,57.69,61.46,64.5707871,66.4,70.3223544,80.72684288,83.35153377,High income,3368926.0,3378975.0,3389436.0,3400439.0,3412013.0,3424139.0,3436645.0,3449290.0,3461731.0,5.162133029,3.538178707,4.637538641,3.238791217,0.370741265,1.689798164,1.627753973,0.477907184,0.350447153
208,Uzbekistan,UZB,18.6,23.6,26.8,35.5,42.8,46.79128694,48.69999885,55.20000067,70.4000024,Lower middle income,29339400.0,29774500.0,30243200.0,30757700.0,31298900.0,31847900.0,32388600.0,32956100.0,33580350.0,7.525139894,7.102444887,7.29655037,6.873838441,7.218773508,5.9321508,4.395274633,5.354996888,5.709632222
211,Vietnam,VNM,35.07,36.8,38.5,41,45,53,58.14,69.84792868,68.66158021,Lower middle income,88871384.0,89801926.0,90752593.0,91713850.0,92677082.0,93640435.0,94600643.0,95545959.0,96462108.0,6.240302749,5.247367156,5.421882991,5.983654637,6.679288789,6.210811668,6.81224566,7.075788617,7.017434882
213,West Bank and Gaza,PSE,41.08,43.4,46.6,53.67,56.7,59.9,63.3,64.39999371,70.6225837,Lower middle income,3882986.0,3979998.0,4076708.0,4173398.0,4270092.0,4367088.0,4454805.0,4569087.0,4685306.0,9.600808489,6.096456563,4.698569866,-0.157866651,3.721299671,8.86461882,1.419367563,1.227077378,1.362687466
216,Zimbabwe,ZWE,8.4,12,15.5,16.36473996,22.7428181,23.11998904,24.4,25,25.1,Lower middle income,12894323.0,13115149.0,13350378.0,13586710.0,13814642.0,14030338.0,14236599.0,14438812.0,14645473.0,14.19391296,16.66542877,1.989492762,2.376929327,1.779872703,0.755869251,4.709492179,4.82421054,-6.144236314
